date,hanzi
2026-10-07,状态
2026-10-07,国庆
2026-10-07,补假
2026-10-07,你说怎么办
2026-10-07,法律
2026-10-07,心疼
2026-10-07,直接
2026-10-07,搜
2026-10-08,工作量
2026-10-08,诈骗
2026-10-08,骗子
2026-10-08,结束
2026-10-08,纪念品
2026-10-08,设计
2026-10-08,一升
2026-10-08,毫升
2026-10-09,企业
2026-10-09,成分
2026-10-09,乱七八糟
2026-10-09,冲
2026-10-09,规矩
2026-10-09,打破
2026-10-09,专卖柜
2026-10-09,品牌
2026-10-10,品牌力
2026-10-10,破产
2026-10-10,借钱
2026-10-10,毛利
2026-10-10,内卷
2026-10-10,卷死对方
2026-10-10,真人真事
2026-10-10,消费者
